section,tip_text
vocabulary,新しい語彙を学ぶ際は、単語帳よりも文脈の中で覚えることが効果的です。例文と一緒に覚えましょう。
vocabulary,漢字の読み方は音読みと訓読みがあります。語彙の成り立ちを理解すると記憶に残りやすくなります。
vocabulary,毎日少しずつでも新しい語彙に触れることが重要です。スマートフォンアプリを活用して隙間時間を有効活用しましょう。
vocabulary,同義語や類義語をセットで覚えると、語彙の理解が深まり、より自然な表現ができるようになります。
vocabulary,語彙学習では、その言葉が使われる場面や状況も一緒に覚えることで、適切な使い分けができるようになります。
reading,長文読解では、まず全体の構造を把握してから詳細を読み進めることが重要です。
reading,分からない単語があっても立ち止まらず、文脈から意味を推測する習慣をつけましょう。
reading,速読練習では、指や鉛筆を使って視線を誘導し、読み返しを減らす技術を身に付けましょう。
reading,読解問題では、本文の内容と選択肢を注意深く比較し、部分的な一致に惑わされないようにしましょう。
listening,聞き取り練習では、完璧に理解しようとせず、キーワードを拾うことから始めましょう。
listening,日本のニュースやドラマを字幕なしで見る習慣をつけると、自然な日本語に慣れることができます。
listening,シャドーイング（聞こえた音をそのまま復唱する）練習は、リスニング力向上に非常に効果的です。
listening,リスニング問題では、問題文を事前に読んで、何を聞き取るべきかを明確にしてから音声を聞きましょう。
