id,term,reading,meaning_en,meaning_vi,example_jp,section,created_at
0041ff4b-dc2e-4c1b-8e42-8b0ff0e5bfb1,価,か,value; worth,giá trị,価値がある。,kanji,2025-07-01 02:33:29.902374+00
00827bab-2af6-484a-935f-ffc98e40cd07,〜に限って,〜にかぎって,especially when ~,đúng lúc ~ thì lại ~,雨（あめ）が降（ふ）る日に限（かぎ）って傘（かさ）を忘（わす）れる。,phrase,2025-07-01 02:33:29.902374+00
00f0fe24-33ed-4405-b355-5173771ed4c3,〜を通じて,〜をつうじて,through; via,thông qua; suốt,仕事（しごと）を通（つう）じて成長（せいちょう）した。,phrase,2025-07-01 02:33:29.902374+00
01ed205d-11c9-4e91-9e6c-a7355cad4e9d,業績,ぎょうせき,performance; achievement,thành tích; kết quả kinh doanh,会社の業績が良い。,word,2025-07-01 02:33:29.902374+00
04626415-955a-45f0-9e2e-20b16e33713d,優秀,ゆうしゅう,excellent; outstanding,xuất sắc; ưu tú,彼女は優秀な学生です。,word,2025-07-01 02:07:53.993451+00
0468e32c-a583-435e-b027-7cbdbabe6920,妥当,だとう,reasonable; appropriate,hợp lý,妥当な判断だ。,word,2025-07-01 02:33:29.902374+00
0491ce17-2dbf-4d33-bd5d-ba054809a72e,〜ことから,〜ことから,because of; due to,bởi vì ~; do ~,火（ひ）が出（で）たことから避難（ひなん）した。,phrase,2025-07-01 02:33:29.902374+00
04db9d79-d3b9-4b7a-b8ac-4cf4a76c4d40,〜ところだった,〜ところだった,almost (happened),suýt nữa thì ~,寝坊（ねぼう）して遅刻（ちこく）するところだった。,phrase,2025-07-01 02:33:29.902374+00
05d1ff50-d88e-4833-9f18-29bd0c8be4be,情,じょう,emotion; condition,tình cảm; tình hình,彼は感情を表に出さない。,kanji,2025-07-01 02:33:29.902374+00
068f92a4-bac8-4d20-86d4-1dc36a8be213,任,にん,duty; appoint,nhiệm vụ; bổ nhiệm,社長に任命された。,kanji,2025-07-01 02:33:29.902374+00
06a1e856-acc9-4f05-937a-605cc3ec0985,供給,きょうきゅう,supply; provision,cung cấp,水の供給が止まった。,word,2025-07-01 02:33:29.902374+00
07d19f78-0bf1-424c-b3c8-dcfb4425979d,維持,いじ,maintenance; preservation,duy trì,体型を維持するのは難しい。,word,2025-07-01 02:33:29.902374+00
08388db8-d58c-4bb8-ade6-913cc4bcc8ec,過剰,かじょう,excessive,quá mức,過剰なストレスは体に悪い。,word,2025-07-01 02:33:29.902374+00
09c32690-eb29-49c5-9b92-81773f705c68,独創,どくそう,originality; creativity,độc đáo; sáng tạo,独創的なアイデアを提案した。,word,2025-07-01 02:07:53.993451+00
0a853275-b4d0-4b16-a2d3-8063279e35b0,立,た,to stand,đứng,立ってください。,kanji,2025-07-01 02:33:29.902374+00
0a89792c-ce22-41d0-97d6-870a3692eb6c,〜たりとも,〜たりとも,not even (a single...),dù chỉ một ~ cũng không,一日（いちにち）たりとも忘（わす）れたことはない。,phrase,2025-07-01 02:33:29.902374+00
0b426cfb-6d86-4ad5-90ff-838cd29dcdc0,値,ね,price; value,giá trị; giá cả,値段が高い。,kanji,2025-07-01 02:33:29.902374+00
0c3614a7-98ce-4835-b132-7565fd5d97b8,夢,ゆめ,dream,giấc mơ,夢がかなう。,kanji,2025-07-01 02:33:29.902374+00
0cbd1933-5efc-45bb-9a5e-1b01acd987f4,〜を契機に,〜をけいきに,as an opportunity to ~,nhân cơ hội ~,結婚（けっこん）を契機（けいき）に転職（てんしょく）した。,phrase,2025-07-01 02:33:29.902374+00
0cd65f34-f4b1-4e3b-a405-8e1436c2f451,械,かい,machine; device,máy móc; thiết bị,精密機械を扱う。,kanji,2025-07-01 02:33:29.902374+00
0d712edc-f220-4bf7-ad12-73b745244bbe,優,ゆう,excellent; gentle,xuất sắc; dịu dàng,彼はとても優しい人だ。,kanji,2025-07-01 02:33:29.902374+00
0dde826a-0a38-4e52-bf1b-1a8ea28175a6,改,あらた,revise; renew,cải cách; đổi mới,制度を改める。,kanji,2025-07-01 02:33:29.902374+00
0e8f7cc4-3084-4f26-8ed5-a0f731e7f61b,複,ふく,multiple; complex,phức; phức tạp,複雑な状況。,kanji,2025-07-01 02:33:29.902374+00
0f020165-9f93-4114-83d0-5975d9414f4d,認,みと,to recognize; admit,thừa nhận; công nhận,事実を認める。,kanji,2025-07-01 02:33:29.902374+00
1001cd4e-08d4-4792-bffa-ceb2e7261bec,規模,きぼ,scale; scope,quy mô,大規模なイベント。,word,2025-07-01 02:33:29.902374+00
1071ab1c-22a3-4e7e-87f9-ac274911b748,強調,きょうちょう,emphasis; stress,nhấn mạnh,重要性を強調する。,word,2025-07-01 02:33:29.902374+00
1178f078-29b4-4ae2-b445-e9a2435e4c44,判,はん,judge; decision,phán đoán,判断が速い。,kanji,2025-07-01 02:33:29.902374+00
126b0e52-84d2-4083-8d37-1a06f15f3376,費,ひ,cost; expense,chi phí,交通費が高い。,kanji,2025-07-01 02:33:29.902374+00
13b586a8-f731-406b-baeb-0ac3a99c81e7,〜ずにはすまない,〜ずにはすまない,must; can't avoid ~,phải ~; không thể không ~,謝（あやま）らずにはすまない状況（じょうきょう）だ。,phrase,2025-07-01 02:33:29.902374+00
1415b47b-79f3-4de7-aab1-691dca16ab20,過密,かみつ,overcrowded,quá tải; đông đúc,都市の過密化が進んでいる。,word,2025-07-01 02:33:29.902374+00
14bca22a-9b30-4aae-8338-650e5d91db8a,確,たし,certain; confirm,xác nhận; chắc chắn,事実を確かめる。,kanji,2025-07-01 02:33:29.902374+00
14f8a5dc-7941-47f9-adb7-8d6576dd9557,〜というものだ,〜というものだ,is truly ~; should be called ~,đúng là ~; chính là ~,それはずるいというものだ。,phrase,2025-07-01 02:33:29.902374+00
15254fb3-5df8-4c78-a43c-a929c4e7f94f,〜ことにしている,〜ことにしている,make it a rule to ~,xem như là ~; quyết định ~,毎朝（まいあさ）ジョギングすることにしている。,phrase,2025-07-01 02:33:29.902374+00
18506c41-fb99-4de5-8f6c-f5647de370c1,働,はたら,to work,làm việc,毎日働いている。,kanji,2025-07-01 02:33:29.902374+00
1880e8a2-dbb1-4147-a6dc-2fdc47184079,請求,せいきゅう,claim; billing,yêu cầu thanh toán,料金を請求する。,word,2025-07-01 02:33:29.902374+00
18acea76-e200-481e-b0f8-c57807319ab1,〜ことになっている,〜ことになっている,be supposed to ~; it is decided that ~,được quy định là ~; dự kiến là ~,会議（かいぎ）は10時（じ）に始（はじ）まることになっている。,phrase,2025-07-01 02:33:29.902374+00
1914884c-2760-4370-a24d-43295eac84b2,〜といったらない,〜といったらない,extremely ~,cực kỳ; không thể diễn tả,彼（かれ）の無礼（ぶれい）さといったらない。,phrase,2025-07-01 02:33:29.902374+00
19a84f67-fbbf-4b71-b983-5ba4926be3c8,見通し,みとおし,outlook; forecast,triển vọng; dự báo,明るい見通しが立つ。,word,2025-07-01 02:33:29.902374+00
1a7f2879-be8b-474b-9888-8c39f0c7c0b7,〜を問わず,〜をとわず,regardless of,bất kể; không phân biệt,国籍（こくせき）を問（と）わず応募（おうぼ）できます。,phrase,2025-07-01 02:33:29.902374+00
1bf68a73-3cb0-40d3-9291-b67597c6d58c,局,きょく,bureau; department,cục; bộ phận,税務局で手続きする。,kanji,2025-07-01 02:33:29.902374+00
1cfc0ec1-6049-4c92-9282-46d9f49a814a,〜といっても,〜といっても,even though I say ~; although ~,dù nói là ~ nhưng,旅行（りょこう）といっても近場（ちかば）に行（い）くだけです。,phrase,2025-07-01 02:33:29.902374+00
1e0417bf-030f-4fb0-9e8c-380e149eddd0,的,てき,-al; -ic (adjective suffix),mang tính,基本的な考え。,kanji,2025-07-01 02:33:29.902374+00
1e1aa015-f797-4a72-8512-c2f9b3486e58,違和感,いわかん,sense of discomfort,cảm giác không ổn,この文章には違和感がある。,word,2025-07-01 02:33:29.902374+00
1e4a90d7-4e86-4dd1-bb4b-56b78b27448b,電,でん,electric,điện,電気をつける。,kanji,2025-07-01 02:33:29.902374+00
1e606279-cf8c-4e23-81a2-107de08de2de,悲,かな,sadness,buồn,悲しい話を聞いた。,kanji,2025-07-01 02:33:29.902374+00
1efac998-7d32-4fac-8013-0c0fa81013a4,〜に限って,〜にかぎって,especially when; particularly ~,đúng lúc ~ thì lại ~,急（いそ）いでいる時（とき）に限（かぎ）って渋滞（じゅうたい）する。,phrase,2025-07-01 02:33:29.902374+00
1f6bdc2a-5e01-45c4-b505-6129f99acf79,行方,ゆくえ,whereabouts; direction,tung tích; hướng đi,行方が分からない。,word,2025-07-01 02:33:29.902374+00
211ec374-90b6-4799-81f6-db5069625794,〜はさておき,〜はさておき,setting aside ~; leaving ~ aside,tạm gác ~ lại,冗談（じょうだん）はさておき、本題（ほんだい）に入りましょう。,phrase,2025-07-01 02:33:29.902374+00
21d229bc-487c-46cb-85aa-62b5bb6ead41,印象,いんしょう,impression,ấn tượng,良い印象を与えたい。,word,2025-07-01 02:33:29.902374+00
21dc9800-19c9-4a57-a7bf-8731be8ce42e,円滑,えんかつ,smooth; harmonious,thuận lợi; suôn sẻ,会議が円滑に進んだ。,word,2025-07-01 02:33:29.902374+00
22bcd72b-c8da-401a-9b96-fb6dadeb4a54,販,はん,sell; marketing,bán hàng,新製品を販売する。,kanji,2025-07-01 02:33:29.902374+00
232a54cf-0886-49a4-b1f9-9121fd47746e,験,けん,test; verify,kiểm nghiệm,実験を行う。,kanji,2025-07-01 02:33:29.902374+00
243c7d96-044a-4691-9ca8-3ddaaf2a705b,〜をめぐって,〜をめぐって,concerning; regarding,xoay quanh vấn đề ~,教育改革（きょういくかいかく）をめぐって議論（ぎろん）が行（おこな）われた。,phrase,2025-07-01 02:33:29.902374+00
249b32b7-5072-4519-9e2d-e466afe787e6,際,さい,occasion; time,dịp; lúc,出張の際に会いました。,kanji,2025-07-01 02:33:29.902374+00
261d4e88-069b-4017-9121-13bc9b14aec8,批判,ひはん,criticism,phê phán; chỉ trích,政府の対応を批判する。,word,2025-07-01 02:33:29.902374+00
263e7d94-ebfc-4a63-a26e-4374f0bb2d81,応,おう,respond; reply,ứng; phản hồi,要望に応える。,kanji,2025-07-01 02:33:29.902374+00
26bb24e7-2661-43b3-bea2-125fa9ec5126,〜を余儀なくされる,〜をよぎなくされる,be forced to ~,bị buộc phải ~,彼（かれ）は辞職（じしょく）を余儀（よぎ）なくされた。,phrase,2025-07-01 02:33:29.902374+00
272f2662-ab27-4e02-a7cd-99f3021535d8,割り当て,わりあて,allocation; assignment,phân bổ,作業を割り当てる。,word,2025-07-01 02:33:29.902374+00
27963df1-d2cf-4728-9e7b-26c33d7901ed,縮小,しゅくしょう,reduction; shrinkage,thu nhỏ,規模を縮小する。,word,2025-07-01 02:33:29.902374+00
280cf2bd-1488-432a-a8ed-8ee707b961af,反映,はんえい,reflection; influence,phản ánh,結果に努力が反映された。,word,2025-07-01 02:33:29.902374+00
2869d2d6-13ab-4a69-91a1-af173c4f5dd7,疑う,うたがう,to doubt; to suspect,nghi ngờ,彼の話を疑っている。,word,2025-07-01 02:33:29.902374+00
2873f8a1-8441-43b1-bd69-39bbb285a6d1,状,じょう,condition; situation,tình trạng; hoàn cảnh,状況が変わった。,kanji,2025-07-01 02:33:29.902374+00
28e466b8-551f-4348-97a5-89530356b166,厳密,げんみつ,strict; precise,nghiêm ngặt; chính xác,厳密に言えば違う。,word,2025-07-01 02:33:29.902374+00
2901e7cd-2de6-4f66-8eee-52022b6b4bdf,職,しょく,job; employment,công việc; nghề nghiệp,就職活動をする。,kanji,2025-07-01 02:33:29.902374+00
29a10853-0422-421d-879a-724c91a3f196,煽てる,おだてる,to flatter; to sweet-talk,nịnh hót; tâng bốc,子供を煽てて勉強させる。,word,2025-07-01 02:33:29.902374+00
2a4c667d-4086-4e70-8305-f91674f13b16,易,やさ,easy; simple,dễ,簡単で易しい。,kanji,2025-07-01 02:33:29.902374+00
2a95cf59-2a4a-422d-ba1b-f0bcca8e8b55,〜てからでないと,〜てからでないと,unless ~ is done first,nếu chưa ~ thì không thể ~,許可（きょか）をもらってからでないと入（はい）れません。,phrase,2025-07-01 02:33:29.902374+00
2af57714-64c3-45fb-a6a8-e9cf8dbc542d,間,あいだ,interval; between,khoảng cách; giữa,授業の間に休憩する。,kanji,2025-07-01 02:33:29.902374+00
2b73544f-d7e7-4c17-8022-1b681b9f36c5,〜かのように,〜かのように,as if ~,như thể là ~,彼（かれ）は何（なに）も知（し）らないかのようにふるまった。,phrase,2025-07-01 02:33:29.902374+00
2cec519f-c3c1-4a4e-8e40-0077fefbf0f2,店,みせ,shop; store,cửa hàng,店に行く。,kanji,2025-07-01 02:33:29.902374+00
2cf2dc65-9b98-45f7-8660-0f44ed3a7404,聞,き,to hear,nghe,音楽を聞く。,kanji,2025-07-01 02:33:29.902374+00
2d6305ee-ce1c-46bc-acc4-d35e57c91b75,〜だけあって,〜だけあって,as expected of ~; indeed ~,quả đúng là ~; tương xứng với ~,彼（かれ）はプロだけあって演技（えんぎ）がうまい。,phrase,2025-07-01 02:33:29.902374+00
2e1d2245-66c0-450b-9760-e997a6c1d4bc,〜とばかりに,〜とばかりに,as if to say ~,như thể muốn nói ~,彼（かれ）は「見（み）ろ」とばかりに笑（わら）った。,phrase,2025-07-01 02:33:29.902374+00
2e74f4fb-83bf-4bc2-820c-179f28b569a6,〜ないことには〜ない,〜ないことには〜ない,"unless ~, ~ won’t happen",nếu không ~ thì không thể ~,本当（ほんとう）のことを言（い）わないことには、解決（かいけつ）しない。,phrase,2025-07-01 02:33:29.902374+00
30b24f66-95e1-4946-a983-cb3b13295bc2,普及,ふきゅう,spread; popularization,phổ cập,スマートフォンが普及している。,word,2025-07-01 02:33:29.902374+00
318d4dd4-83ab-4536-a295-c7830e3f2a40,拡大,かくだい,expansion; enlargement,mở rộng,市場を拡大する。,word,2025-07-01 02:33:29.902374+00
31953617-55ef-48e7-bb7c-9f596708c4d5,構,こう,structure; construct,cấu trúc; xây dựng,家を構える。,kanji,2025-07-01 02:33:29.902374+00
31ac9ab6-b58e-429b-9abe-88b45e2d29e5,見解,けんかい,opinion; view,quan điểm,専門家の見解を聞く。,word,2025-07-01 02:33:29.902374+00
3357cd97-97b2-4a3e-99a4-41a9d0bb4772,〜にたえる,〜にたえる,worth ~; capable of ~,đáng để ~; chịu đựng được ~,鑑賞（かんしょう）にたえる映画（えいが）だ。,phrase,2025-07-01 02:33:29.902374+00
33b76e1c-e949-4d51-9e2d-d3bac6c99f0b,〜てやまない,〜てやまない,always sincerely ~,luôn chân thành ~,皆様（みなさま）のご健康（けんこう）を願（ねが）ってやみません。,phrase,2025-07-01 02:33:29.902374+00
34cb7d5e-b0d4-4c15-abb3-bac045eb5fcb,賞,しょう,prize; reward,giải thưởng,賞を受ける。,kanji,2025-07-01 02:33:29.902374+00
3563b3cd-fb55-4245-a674-e3ba91d71102,支持,しじ,support; backing,ủng hộ; hỗ trợ,彼を支持する。,word,2025-07-01 02:33:29.902374+00
357d7ff8-4076-4bc0-9f37-cf3ebf5f53bd,造,ぞう,build; create,tạo ra; chế tạo,橋を造る。,kanji,2025-07-01 02:33:29.902374+00
35e6dc8c-683e-40ec-89d3-b5d481d0519f,個,こ,individual; piece,cá nhân; cái,一個ずつ渡す。,kanji,2025-07-01 02:33:29.902374+00
369512e8-4bba-40c9-a8d4-2eab40a5493c,〜にしては,〜にしては,considering; for ~,dù là ~ mà lại ~,初（はじ）めてにしては上手（じょうず）ですね。,phrase,2025-07-01 02:33:29.902374+00
3700e2bb-fbbb-4738-9a78-202f85e11a3b,雇,やと,employ; hire,thuê; tuyển dụng,スタッフを雇う。,kanji,2025-07-01 02:33:29.902374+00
373037d9-7266-4c9f-a404-e038a158edc7,問,と,question; ask,hỏi; câu hỏi,質問をする。,kanji,2025-07-01 02:33:29.902374+00
383f42f8-c10e-4729-b122-0de8e322a708,検,けん,examine; test,kiểm tra,検査を受ける。,kanji,2025-07-01 02:33:29.902374+00
388e3430-1662-4796-b0ce-dc201252c927,組織,そしき,organization; system,tổ chức,組織を改編する。,word,2025-07-01 02:33:29.902374+00
38f828b3-d630-4b5a-afef-88ee23f1b159,〜に応じて,〜におうじて,according to; in response to,tùy theo; ứng với,状況（じょうきょう）に応（おう）じて対応（たいおう）する。,phrase,2025-07-01 02:33:29.902374+00
397cf111-48f2-4c60-b192-cbb106ec3482,疑,ぎ,suspicion; doubt,sự nghi ngờ,疑問を抱く。,kanji,2025-07-01 02:33:29.902374+00
398b9e3a-c265-435b-b3bd-7652becf399e,意義,いぎ,meaning; significance,ý nghĩa,この活動には大きな意義がある。,word,2025-07-01 02:33:29.902374+00
3b898e4f-3792-4850-a90f-8c725c865ace,績,せき,achievement,thành tích,成績が上がる。,kanji,2025-07-01 02:33:29.902374+00
3ba53729-d74f-4e5f-8ece-413e8ada5b35,一概に〜とは言えない,いちがいに〜とはいえない,can't say ~ universally,không thể nói chung là ~,貧乏（びんぼう）だから不幸（ふこう）だとは一概に言えない。,phrase,2025-07-01 02:33:29.902374+00
3bdd5901-92ff-41d2-9d8c-7ce94bf487b5,忘,わす,forget,quên,名前を忘れた。,kanji,2025-07-01 02:33:29.902374+00
3c6534da-baaf-422e-b001-8fb0dc0e012f,造,つく,to make; produce,làm ra; tạo ra,家具を造る。,kanji,2025-07-01 02:33:29.902374+00
3c69be82-a28e-4e0e-ba80-8f10314b6eb3,会,あ,to meet,gặp,友達に会う。,kanji,2025-07-01 02:33:29.902374+00
3cc0ef0a-632e-4b83-99a2-447b7bcc89aa,調,しら,investigate; tune,điều tra; điều chỉnh,原因を調べる。,kanji,2025-07-01 02:33:29.902374+00
3e257acb-42f7-43a5-bad2-0a7b07efe725,証,しょう,evidence; proof,chứng cứ,証拠を提出する。,kanji,2025-07-01 02:33:29.902374+00
3e55f7b2-2cc7-4b60-8b8b-5d5c1c006583,辞,じ,resign; word,từ chức; từ ngữ,辞書で意味を調べる。,kanji,2025-07-01 02:33:29.902374+00
3f52b984-3c48-4579-be04-bccbe121a485,状,じょう,condition; status,tình trạng,健康状態が悪い。,kanji,2025-07-01 02:33:29.902374+00
423f2d4a-5e7d-4a99-85cd-50382d3491bd,権,けん,right; authority,quyền hạn,権利を守る。,kanji,2025-07-01 02:33:29.902374+00
4291dbb8-2622-4e3b-aabf-0a52db955d0d,〜にしても,〜にしても,even if; even though,dù là ~,冗談（じょうだん）にしても言（い）いすぎだ。,phrase,2025-07-01 02:33:29.902374+00
42c751a4-cd64-4e09-b3f6-f4476bc14b98,認,にん,recognize,công nhận,認識が甘い。,kanji,2025-07-01 02:33:29.902374+00
432342cd-77bb-4b03-b5f6-effbe8b518f9,対象,たいしょう,target; subject,đối tượng,調査の対象は学生だ。,word,2025-07-01 02:33:29.902374+00
443deb4e-a28d-401e-ab37-f647e03002fe,曖昧,あいまい,vague; ambiguous,mơ hồ; không rõ ràng,彼の説明は曖昧すぎる。,word,2025-07-01 02:07:53.993451+00
44d597fb-811b-4953-9bd2-32c69f63883a,要旨,ようし,summary; gist,tóm tắt; cốt lõi,報告の要旨を述べる。,word,2025-07-01 02:33:29.902374+00
45e9e1c9-9b95-4152-86d4-70f3a23f0e5c,終,お,to end; finish,kết thúc,会議が終わった。,kanji,2025-07-01 02:33:29.902374+00
467dfd16-40e2-4dce-a82d-cdfb193f7207,〜をこめて,〜をこめて,with (feeling); filled with,"với tất cả (tấm lòng, tình cảm)",感謝（かんしゃ）をこめて花束（はなたば）を贈（おく）る。,phrase,2025-07-01 02:33:29.902374+00
475c8c06-728b-45b9-ac88-bb0d581b41f0,喜,よろこ,joy; delight,vui mừng,喜びの声が上がる。,kanji,2025-07-01 02:33:29.902374+00
47cfb5bb-8d74-4f54-ab96-71af98372e80,顕著,けんちょ,remarkable; prominent,rõ rệt; nổi bật,顕著な改善が見られる。,word,2025-07-01 02:07:53.993451+00
48338ed5-cae4-4c4b-865a-1ce070ec864e,模索,もさく,search; exploration,tìm kiếm; mò mẫm,解決策を模索する。,word,2025-07-01 02:33:29.902374+00
488ab94d-2bf4-4b2a-8708-33ed5e53aa64,営,えい,manage; operate,kinh doanh; điều hành,レストランを営む。,kanji,2025-07-01 02:33:29.902374+00
48d4d1f7-eec7-4149-adc4-31e1e2565ad8,枠組み,わくぐみ,framework,khuôn khổ; cơ cấu,新しい枠組みを作る。,word,2025-07-01 02:33:29.902374+00
4a20582f-57a2-4d25-9801-e807bbd87a4b,〜に越したことはない,〜にこしたことはない,~ is best; nothing better than ~,~ vẫn là tốt nhất,用心（ようじん）に越したことはない。,phrase,2025-07-01 02:33:29.902374+00
4b89b63b-85b0-4b0b-9295-05fc4c669b74,偶然,ぐうぜん,coincidence; accident,tình cờ; ngẫu nhiên,偶然彼に会った。,word,2025-07-01 02:07:53.993451+00
4bfb3919-c3c8-48bd-b67f-a734a162c665,志,こころざし,will; ambition,ý chí; hoài bão,志を持つ。,kanji,2025-07-01 02:33:29.902374+00
4e76d7fc-7fb6-4b52-8b11-3a8505cc15f7,労,ろう,labor; effort,lao động; nỗ lực,労働条件を改善する。,kanji,2025-07-01 02:33:29.902374+00
4ea0142e-1975-4c51-8d46-d66897a4e57c,〜をもって,〜をもって,as of; by means of,kể từ ~; bằng ~,本日（ほんじつ）をもって閉店（へいてん）します。,phrase,2025-07-01 02:33:29.902374+00
4ec9c5ca-78ae-4a56-b772-1f0802125563,成立,せいりつ,establishment; formation,thành lập; thiết lập,契約が成立した。,word,2025-07-01 02:33:29.902374+00
4f46d63b-0800-499e-a0ea-9e959301ae8b,〜にしても〜にしても,〜にしても〜にしても,whether A or B,dù là A hay B,行（い）くにしても行（い）かないにしても、連絡（れんらく）してください。,phrase,2025-07-01 02:33:29.902374+00
4fc7a7ae-40e7-4869-b9b3-16ce58ed5c7b,恩恵,おんけい,benefit; blessing,ân huệ; lợi ích,自然の恩恵を受ける。,word,2025-07-01 02:33:29.902374+00
50352f65-1659-4c22-9493-5d2a3f6aadc9,類,るい,type; kind,loại; giống,同類の問題。,kanji,2025-07-01 02:33:29.902374+00
510d6c82-7a0e-4919-9f24-f4ddbc18939c,演,えん,perform; play,biểu diễn; trình diễn,舞台で演じる。,kanji,2025-07-01 02:33:29.902374+00
51185be7-b3bd-4b6b-a75d-3b74b2147371,制,せい,control; system,chế độ; kiểm soát,制度を整える。,kanji,2025-07-01 02:33:29.902374+00
515123ef-c403-4edb-86b2-1b6cfbe1785d,合意,ごうい,agreement; consent,đồng thuận; nhất trí,両者が合意に達した。,word,2025-07-01 02:33:29.902374+00
520796fb-9791-438c-a5f9-0fe6970fc6bd,論,ろん,argument; discourse,luận; tranh luận,議論が続く。,kanji,2025-07-01 02:33:29.902374+00
5241a2df-37e7-4893-9101-f7393f31bfef,〜をはじめ,〜をはじめ,starting with ~,trước hết là ~,社長（しゃちょう）をはじめ、多（おお）くの人（ひと）が参加（さんか）した。,phrase,2025-07-01 02:33:29.902374+00
534102ec-e692-47e1-8771-b73a18c1f3f5,〜にほかならない,〜にほかならない,nothing but; none other than,không gì khác ngoài ~,成功（せいこう）は努力（どりょく）の結果（けっか）にほかならない。,phrase,2025-07-01 02:33:29.902374+00
53d19550-aea0-493a-8a83-0a26489ce00f,特定,とくてい,specific; particular,cụ thể; đặc thù,特定の条件を満たす。,word,2025-07-01 02:33:29.902374+00
53d6b991-2bc9-4062-a9a1-3f8fb982dad9,調整,ちょうせい,adjustment,điều chỉnh,スケジュールを調整する。,word,2025-07-01 02:33:29.902374+00
53d8d027-6614-49b4-b405-0daf6c9f2835,解,かい,solve; explanation,giải thích; giải quyết,問題を解決する。,kanji,2025-07-01 02:33:29.902374+00
53db42a4-bb5b-4e32-814e-28a096912e13,携帯,けいたい,mobile; portable,di động; cầm tay,携帯電話を持っている。,word,2025-07-01 02:33:29.902374+00
54593521-516e-4fee-a6db-29c84690b2e8,機,き,machine; opportunity,máy móc; cơ hội,機会を逃すな。,kanji,2025-07-01 02:33:29.902374+00
564dc32a-f42e-48d0-897b-bb7f230de64f,売,う,to sell,bán,商品を売る。,kanji,2025-07-01 02:33:29.902374+00
5683d948-790a-422e-aa40-bae4bad4dee8,格,かく,status; rank,địa vị; hạng,資格を取る。,kanji,2025-07-01 02:33:29.902374+00
59ad2276-3b3e-4eda-99c5-4c5aeb850cec,記,き,record; write down,ghi chép,日記をつける。,kanji,2025-07-01 02:33:29.902374+00
59b10c4a-3eac-4700-82d0-7c4a89b7dc57,〜限り,〜かぎり,as long as; to the extent that,chừng nào còn ~; trong phạm vi ~,私（わたし）が知（し）る限（かぎ）り、彼（かれ）は無実（むじつ）だ。,phrase,2025-07-01 02:33:29.902374+00
5a02feb3-4c86-46d3-b85b-6e5068ba456a,限,かぎ,limit; restrict,giới hạn,人数を限る。,kanji,2025-07-01 02:33:29.902374+00
5b1bfaf7-48b9-43d5-9753-ec1bf72583b2,悪,あく,bad; evil,xấu; ác,悪い習慣。,kanji,2025-07-01 02:33:29.902374+00
5b55f816-dda3-4e1d-9740-38272c061d1a,〜ずにすむ,〜ずにすむ,get by without ~,không cần phải ~ cũng được,謝（あやま）らずにすんでよかった。,phrase,2025-07-01 02:33:29.902374+00
5b5af028-e653-4b3e-8e52-b39b7982fa51,貢献,こうけん,contribution,đóng góp,社会に貢献する。,word,2025-07-01 02:33:29.902374+00
5d73d6a4-60c0-4846-a527-c5d9e62f05fb,告,こく,inform; announce,thông báo; tuyên bố,結婚を報告する。,kanji,2025-07-01 02:33:29.902374+00
5d7c1e5d-567e-4a1e-bbbf-7a70190bb9b2,確保,かくほ,securing; ensuring,đảm bảo,安全を確保する。,word,2025-07-01 02:33:29.902374+00
5e00339d-00c8-4717-b688-69e057f03a72,延ばす,のばす,to postpone; to extend,trì hoãn; kéo dài,締切を延ばす。,word,2025-07-01 02:33:29.902374+00
5e821a2b-70bc-4bd9-bc19-e801f3482dbd,展開,てんかい,development; unfolding,triển khai; phát triển,事業を展開する。,word,2025-07-01 02:33:29.902374+00
60c9851c-332c-40e3-affa-e57652d2d3c6,責,せき,blame; duty,trách nhiệm,責任を持つ。,kanji,2025-07-01 02:33:29.902374+00
612d6c20-4a9b-43c7-9528-e2de72b8daef,〜んがために,〜んがために,in order to ~ (formal),để mà ~ (trang trọng),成功（せいこう）せんがために必死（ひっし）に努力（どりょく）した。,phrase,2025-07-01 02:33:29.902374+00
6225bb2f-94ea-40b0-9fe4-630774964c17,給,きゅう,salary; supply,lương; cung cấp,給料が上がる。,kanji,2025-07-01 02:33:29.902374+00
6275278e-c106-4b31-8906-192ac2de595c,〜うちに,〜うちに,while; during the time ~,trong khi còn ~,若（わか）いうちにたくさん挑戦（ちょうせん）したい。,phrase,2025-07-01 02:33:29.902374+00
62927dc1-cf91-42b9-a34c-db9db78ca848,拠点,きょてん,base; location,cơ sở; địa điểm chính,海外に拠点を持つ。,word,2025-07-01 02:33:29.902374+00
62b847c2-d72e-406b-a260-2edafb4da034,無,む,nothing; without,không có,無理をしないでください。,kanji,2025-07-01 02:33:29.902374+00
636957fe-0fa0-41d8-a3da-bb2ef4eeea9a,頻繁,ひんぱん,frequent,thường xuyên,最近地震が頻繁に起きている。,word,2025-07-01 02:33:29.902374+00
63726f84-6f6f-453b-acb7-9320f3e7ae7e,〜としたら,〜としたら,if we assume that ~,giả sử là ~,留学（りゅうがく）するとしたら、アメリカに行（い）きたい。,phrase,2025-07-01 02:33:29.902374+00
637a2205-4101-4a1e-89fc-1f2c804fbddf,維持,いじ,maintain; sustain,duy trì,健康を維持する。,word,2025-07-01 02:33:29.902374+00
63b4aeda-f5d1-4b05-9667-4aa5b6520356,映る,うつる,to be reflected,phản chiếu; hiện lên,鏡に顔が映る。,word,2025-07-01 02:33:29.902374+00
63ef3f46-ed83-448f-bf65-cfffaa6b2be7,〜というものではない,〜というものではない,it's not necessarily that ~,không hẳn là ~,金（かね）があれば幸（しあわ）せというものではない。,phrase,2025-07-01 02:33:29.902374+00
6534cea5-0375-4a2e-89cc-d8130a3d986a,復旧,ふっきゅう,restoration; recovery,phục hồi,道路が復旧された。,word,2025-07-01 02:33:29.902374+00
65811447-8d3d-4a04-9588-c272d3e691cd,課,か,section; assignment,bài học; bộ phận,宿題の課を読む。,kanji,2025-07-01 02:33:29.902374+00
67151486-3b93-438f-ba0f-7e1735802b28,〜にすぎない,〜にすぎない,nothing more than,chỉ là ~ mà thôi,それはうわさにすぎない。,phrase,2025-07-01 02:33:29.902374+00
67f76048-b538-4cac-8237-ff186c8e772a,行,い,to go,đi,学校へ行く。,kanji,2025-07-01 02:33:29.902374+00
68e86b4f-1f10-44e8-9e50-ceca1a8f76cf,況,きょう,situation; condition,tình hình,状況を把握する。,kanji,2025-07-01 02:33:29.902374+00
6aa7a097-8639-4a26-a159-bfe2b7cc4d04,〜にすれば,〜にすれば,from the perspective of ~,đối với ~,親（おや）にすれば心配（しんぱい）だろう。,phrase,2025-07-01 02:33:29.902374+00
6acfa0e8-cd47-48cb-b2bd-542e149bb20f,裏付ける,うらづける,to support; to back up,chứng minh; xác thực,証拠で主張を裏付ける。,word,2025-07-01 02:33:29.902374+00
6b5f0d72-be9a-4c64-be9e-857989faf834,〜にわたって,〜にわたって,throughout; over a span of,trải suốt; kéo dài,5日間（いつかかん）にわたって試験（しけん）が行（おこな）われた。,phrase,2025-07-01 02:33:29.902374+00
6b6f74ba-e21c-42c4-a8ef-cf2f4f0caab9,件,けん,matter; case,vụ việc,重要な件。,kanji,2025-07-01 02:33:29.902374+00
6ba1924a-c007-4dd6-8957-d8d5189af6ec,職,しょく,job; employment,nghề nghiệp; công việc,職を探している。,kanji,2025-07-01 02:33:29.902374+00
6bc74778-4b79-4ab1-ad49-7f1f82f1dd77,否定,ひてい,denial; negation,phủ định,その事実を否定できない。,word,2025-07-01 02:33:29.902374+00
6c2e8ddf-f65f-4d52-ab22-52c52fefde5c,効,こう,effect; efficiency,hiệu quả,効果が出る。,kanji,2025-07-01 02:33:29.902374+00
6c635c25-f2ae-4f3e-824d-37bbfba133c5,緻密,ちみつ,precise; meticulous,chính xác; tỉ mỉ,緻密な計画を立てる。,word,2025-07-01 02:07:53.993451+00
6c75281b-2e6f-4cbc-a9f4-688ce728f572,読,よ,to read,đọc,本を読む。,kanji,2025-07-01 02:33:29.902374+00
6cd162d8-8b41-41fa-8b0a-141f087247e2,築,きず,build; establish,xây dựng,友情を築く。,kanji,2025-07-01 02:33:29.902374+00
71b6d0d3-54ff-49dd-b563-b364b021a408,買,か,to buy,mua,本を買う。,kanji,2025-07-01 02:33:29.902374+00
7286172c-08ad-4ef9-80ff-d0c6edfd1d48,感,かん,feeling; emotion,cảm giác; cảm xúc,感謝の気持ちを伝える。,kanji,2025-07-01 02:33:29.902374+00
72cceaba-ae85-4a3d-97f0-82e43fdf87c2,〜ということだ,〜ということだ,it means that ~; I've heard that ~,nghe nói là ~; có nghĩa là ~,彼（かれ）は来（こ）ないということだ。,phrase,2025-07-01 02:33:29.902374+00
72eac84d-ff3d-4aaa-a00e-73c786a19ce8,来,く,to come,đến,明日来ます。,kanji,2025-07-01 02:33:29.902374+00
73788a46-7264-4893-bd6c-9f139e90235e,年,とし,year,năm,今年は忙しい。,kanji,2025-07-01 02:33:29.902374+00
73e0d019-29ed-4a23-902a-ac3e6f1a6ee8,〜とは限らない,〜とはかぎらない,not necessarily ~,không hẳn là ~,高（たか）いものが必（かなら）ずしも良（よ）いとは限（かぎ）らない。,phrase,2025-07-01 02:33:29.902374+00
74ceda48-d13f-4071-9a1f-af94f7d96a07,評,ひょう,review; evaluate,đánh giá,評価が高い。,kanji,2025-07-01 02:33:29.902374+00
7581d615-cf83-47ed-b6d9-89f31f4c1b86,務,む,duty; obligation,nghĩa vụ,義務を果たす。,kanji,2025-07-01 02:33:29.902374+00
76295b2c-79da-4a5a-bffa-e895b25080de,証,しょう,proof; evidence,bằng chứng,証拠が見つかった。,kanji,2025-07-01 02:33:29.902374+00
765bfc82-81a6-46ea-8203-95cec066e839,産,さん,produce; industry,sản xuất; công nghiệp,農産物を輸出する。,kanji,2025-07-01 02:33:29.902374+00
77b748ae-c881-4e93-a4c4-987186ac75e8,飲,の,to drink,uống,水を飲む。,kanji,2025-07-01 02:33:29.902374+00
78a21249-08ed-46aa-83c0-c4a69462075a,宣伝,せんでん,advertisement; publicity,tuyên truyền; quảng cáo,新商品を宣伝する。,word,2025-07-01 02:33:29.902374+00
7916835d-9cfb-42d4-8f17-bace6288f2c3,論,ろん,argument; theory,lý luận; lý thuyết,論文を書く。,kanji,2025-07-01 02:33:29.902374+00
799cb1b6-6f8d-425d-a404-38e8c80df266,質,しつ,quality; question,chất lượng; câu hỏi,品質が高い。,kanji,2025-07-01 02:33:29.902374+00
7a5a61e6-74af-4ef0-9f2b-413326b936a5,信,しん,trust; belief,niềm tin,自分を信じる。,kanji,2025-07-01 02:33:29.902374+00
7b2e04d9-cf12-4086-84f7-cc66c14bc512,税,ぜい,tax,thuế,税金を払う。,kanji,2025-07-01 02:33:29.902374+00
7c7c6db5-3344-4bd0-bca8-64fd9987eb78,〜ものの,〜ものの,although; but,tuy ~ nhưng,合格（ごうかく）したものの、不安（ふあん）が残（のこ）る。,phrase,2025-07-01 02:33:29.902374+00
7e748d00-10d2-49a4-83a4-d79ff8ac3e92,解,かい,solve; answer,giải quyết; đáp án,問題を解く。,kanji,2025-07-01 02:33:29.902374+00
7f57df5c-be55-4a13-bcdc-9a6c8035a6f6,〜たあげく,〜たあげく,after ~ (resulting in),sau khi ~ thì (kết quả xấu),長時間（ちょうじかん）話（はな）したあげく、何（なに）も決（き）まらなかった。,phrase,2025-07-01 02:33:29.902374+00
7f7cff05-6058-4343-be20-26332bd5c0bd,解,かい,solve; untie,giải quyết; tháo gỡ,問題を解く。,kanji,2025-07-01 02:33:29.902374+00
7fc665bc-6b76-451a-8d2f-334704d97e55,独自,どくじ,original; unique,riêng; độc đáo,独自の技術を持つ。,word,2025-07-01 02:33:29.902374+00
820795ad-aec1-4b3c-aaee-9c8543f2aabb,憂鬱,ゆううつ,depression; melancholy,u sầu; trầm cảm,雨の日は憂鬱な気分になる。,word,2025-07-01 02:07:53.993451+00
8233ab83-542d-417a-88a6-385497c97bfd,備,そな,prepare; equip,chuẩn bị; trang bị,災害に備える。,kanji,2025-07-01 02:33:29.902374+00
82b64685-d6c0-4e24-acf9-0cdf9e0866e5,商,しょう,commerce; trade,thương mại,商業施設が増える。,kanji,2025-07-01 02:33:29.902374+00
83b79cf9-9cef-4645-ab62-024c68c3713d,態,たい,attitude; state,thái độ; trạng thái,態度が悪い。,kanji,2025-07-01 02:33:29.902374+00
83e08f07-0360-4bb0-987b-57aed54718d4,圧倒,あっとう,overwhelm; overpower,áp đảo,観客はその演技に圧倒された。,word,2025-07-01 02:33:29.902374+00
84169ec1-538c-4533-8933-67419c2e785a,意図,いと,intention; aim,ý định; mục đích,その発言の意図が分からない。,word,2025-07-01 02:33:29.902374+00
8460dc7a-7d0e-4e21-80d3-ae5ee2f3ee41,比,くら,to compare,so sánh,値段を比べる。,kanji,2025-07-01 02:33:29.902374+00
84a345d1-e140-4f96-8460-1a7e9a7fbbbc,〜に足る,〜にたる,worthy of; enough to ~,đủ để ~; xứng đáng với ~,信頼（しんらい）に足（た）る人物（じんぶつ）だ。,phrase,2025-07-01 02:33:29.902374+00
85a9f43f-7a94-445b-8817-6d535cd3d55d,怒,いか,anger,tức giận,彼は怒っている。,kanji,2025-07-01 02:33:29.902374+00
875c1ca5-f933-4252-8f40-25f9e37b584c,従来,じゅうらい,conventional; traditional,truyền thống; thông thường,従来の方法では限界がある。,word,2025-07-01 02:07:53.993451+00
88bff549-7e24-4e9e-b770-85b8c3933a82,企,き,plan; enterprise,kế hoạch; doanh nghiệp,新しい事業を企画する。,kanji,2025-07-01 02:33:29.902374+00
88ebe47a-c013-4a43-a6d4-2e37f5537727,設,せつ,establish; set up,thiết lập,会社を設立する。,kanji,2025-07-01 02:33:29.902374+00
89476c36-14ed-4847-b890-228bbc7fb23b,〜ばかりに,〜ばかりに,just because ~ (bad result),chỉ vì ~ (mà kết quả xấu),嘘（うそ）をついたばかりに、信用（しんよう）を失（うしな）った。,phrase,2025-07-01 02:33:29.902374+00
8a011b9f-a1b2-46f0-83d0-7841e8dd064a,設,せつ,establish; install,thiết lập; cài đặt,新しい制度を設ける。,kanji,2025-07-01 02:33:29.902374+00
8e1da80e-8edc-45c5-adea-8bb7b049ef52,提,てい,present; propose,đề xuất,提案を出す。,kanji,2025-07-01 02:33:29.902374+00
8f2a4459-7936-47cf-a037-62b3baad0138,状,じょう,condition; appearance,tình trạng; trạng thái,異常な状態。,kanji,2025-07-01 02:33:29.902374+00
90a39b45-adf9-4086-a22c-2f9400b15cf3,快適,かいてき,comfortable; pleasant,thoải mái; dễ chịu,快適な空間で働く。,word,2025-07-01 02:33:29.902374+00
917b7f9f-1f49-474f-9694-af014a388c82,性,せい,nature; gender,tính chất; giới tính,性格が明るい。,kanji,2025-07-01 02:33:29.902374+00
92ee8e9c-48c9-4211-9f35-1fa6a03c224a,備,そな,prepare; equip,chuẩn bị; trang bị,地震に備える。,kanji,2025-07-01 02:33:29.902374+00
9303fe6c-34b1-4c11-9570-a1a04b326019,達,たつ,accomplish; reach,đạt được,目的を達成する。,kanji,2025-07-01 02:33:29.902374+00
9315ec5d-cc12-44a5-b69c-15501688f52f,能,のう,ability; performance,năng lực; khả năng,彼は能力がある。,kanji,2025-07-01 02:33:29.902374+00
935e732f-78c0-4c05-9f73-9d0fd2238fda,〜かねない,〜かねない,might; could possibly,có khả năng; có thể,その発言（はつげん）は誤解（ごかい）を招（まね）きかねない。,phrase,2025-07-01 02:33:29.902374+00
95be1048-baef-4d60-855d-23e701ca3440,一概に,いちがいに,categorically; universally,một cách chung chung,一概にそうとは言えない。,word,2025-07-01 02:33:29.902374+00
95eaec8d-b8e0-495c-ae2b-7a576bfb61c2,提案,ていあん,proposal; suggestion,đề xuất,改善案を提案する。,word,2025-07-01 02:33:29.902374+00
9919b7e3-b2f8-450d-86c9-66f1f980ccb0,反発,はんぱつ,resistance; backlash,phản kháng,新制度に反発する声が上がる。,word,2025-07-01 02:33:29.902374+00
99cc5fef-95df-4b69-ade3-d0b9aa435962,考慮,こうりょ,consideration,xem xét,条件を考慮する。,word,2025-07-01 02:33:29.902374+00
9a068a80-0a95-4a72-84e2-5754212e4be9,著名,ちょめい,famous; well-known,nổi tiếng; có danh tiếng,彼は著名な作家です。,word,2025-07-01 02:07:53.993451+00
9a3c5004-552a-45f3-ac8e-0df736d09227,〜に先立って,〜にさきだって,prior to; before,trước khi ~,開会（かいかい）に先立（さきだ）って、挨拶（あいさつ）があります。,phrase,2025-07-01 02:33:29.902374+00
9a3c5606-5c78-4c82-8152-c5c2895ad1cb,愛,あい,love,tình yêu,親の愛を感じる。,kanji,2025-07-01 02:33:29.902374+00
9b4e6686-14f7-4cb6-bf7a-f04c9468174d,構成,こうせい,composition; structure,cấu trúc; tổ chức,文章の構成を考える。,word,2025-07-01 02:33:29.902374+00
9b8b1d35-8c54-4b3d-97df-c38700c6d2ac,〜にかかわらず,〜にかかわらず,regardless of; despite,bất kể; không liên quan đến,天候（てんこう）にかかわらず試合（しあい）は行（おこな）われる。,phrase,2025-07-01 02:33:29.902374+00
9cb6a126-38d0-4f2c-a820-d5c5cf8bb321,案,あん,idea; plan,kế hoạch; phương án,新しい案を考える。,kanji,2025-07-01 02:33:29.902374+00
9e0231cb-574d-4652-8b0d-7c83962480c5,〜末に,〜すえに,after (much...) finally,sau khi ~ thì cuối cùng,悩（なや）んだ末（すえ）に決断（けつだん）した。,phrase,2025-07-01 02:33:29.902374+00
9e1d5dea-47cd-4d08-978c-9eeccb2ab8b4,〜ようになっている,〜ようになっている,be arranged so that ~,được thiết lập sao cho ~,このドアは自動（じどう）で閉（し）まるようになっている。,phrase,2025-07-01 02:33:29.902374+00
9e63e5c0-45ff-4ac4-8544-8dd40074b2ae,疑,うたが,doubt; suspect,nghi ngờ,真実を疑う。,kanji,2025-07-01 02:33:29.902374+00
9fb913ba-b0a4-4430-a368-ce144f3f06ea,策,さく,policy; plan,chiến lược; sách lược,対策を練る。,kanji,2025-07-01 02:33:29.902374+00
9fe5140f-c4e8-420e-bd61-4270859ebdfa,進出,しんしゅつ,expansion into; advance,mở rộng; tiến vào,海外市場に進出する。,word,2025-07-01 02:33:29.902374+00
a0163027-92cd-4dc7-b3fb-f7cd4df0ed1a,〜ことなく,〜ことなく,without doing ~,mà không ~,彼（かれ）は休（やす）むことなく働（はたら）き続（つづ）けた。,phrase,2025-07-01 02:33:29.902374+00
a02627c9-249c-400f-bcd3-04c701443be9,最,さい,most; -est,nhất,最も重要なこと。,kanji,2025-07-01 02:33:29.902374+00
a044f210-4dba-419a-b62e-be4d2b19d898,〜を問わず,〜をとわず,regardless of,bất kể; không kể,年齢（ねんれい）を問（と）わず応募（おうぼ）できます。,phrase,2025-07-01 02:33:29.902374+00
a0605628-4c2c-4853-b38b-608cefc07a23,〜に際して,〜にさいして,on the occasion of,nhân dịp; vào lúc,契約（けいやく）に際（さい）して、注意事項（ちゅういじこう）を確認（かくにん）してください。,phrase,2025-07-01 02:33:29.902374+00
a09c711f-ecc3-40d4-8e91-5b3e798b5261,柔軟,じゅうなん,flexible; adaptable,linh hoạt; dẻo dai,柔軟な思考が重要だ。,word,2025-07-01 02:07:53.993451+00
a13191a1-1198-45d3-9280-2fce919427a2,曖昧,あいまい,vague; ambiguous,mơ hồ; không rõ ràng,彼の返事は曖昧だった。,word,2025-07-01 02:33:29.902374+00
a232dd7d-f296-47aa-924f-5c108672b441,補足,ほそく,supplement; addition,bổ sung,説明を補足する。,word,2025-07-01 02:33:29.902374+00
a260be49-252b-43da-8222-b586f0b4606e,状,じょう,status; shape,tình trạng,状態が悪化した。,kanji,2025-07-01 02:33:29.902374+00
a3323af4-4a69-48f2-a1a2-f597d106181a,〜に至るまで,〜にいたるまで,up to; until (formal),cho đến cả ~,髪型（かみがた）に至（いた）るまで彼女（かのじょ）を真似（まね）している。,phrase,2025-07-01 02:33:29.902374+00
a3c1cb51-05a0-4afb-8079-ca0daec81ea6,〜にもかかわらず,〜にもかかわらず,despite; although,mặc dù ~,雨（あめ）が降（ふ）っているにもかかわらず、試合（しあい）は行（おこな）われた。,phrase,2025-07-01 02:33:29.902374+00
a3e27ebe-e847-4167-84a8-5a89b583d6ad,理,り,reason; logic,lý do; logic,理由を説明する。,kanji,2025-07-01 02:33:29.902374+00
a4b96796-60db-49f0-96a5-82848a98a1b3,促す,うながす,to urge; to prompt,thúc đẩy; nhắc nhở,彼に行動を促した。,word,2025-07-01 02:33:29.902374+00
a54b1692-0668-42fc-91df-78efe2677e52,査,さ,inspect; investigate,kiểm tra; điều tra,調査を行う。,kanji,2025-07-01 02:33:29.902374+00
a6516c62-8a4e-4b53-9020-7f0d2631cc4a,了承,りょうしょう,acknowledgment; consent,chấp thuận,了承を得る。,word,2025-07-01 02:33:29.902374+00
a66137fd-8a06-4c54-94eb-21696da7ae00,務,む,task; service,nhiệm vụ; chức vụ,事務作業をする。,kanji,2025-07-01 02:33:29.902374+00
a66423c1-f041-4598-a2ce-489b90f8d75d,笑,わら,laugh; smile,cười,彼女はよく笑う。,kanji,2025-07-01 02:33:29.902374+00
a68e3000-9f1e-425f-8468-c65d3e8414f5,〜次第で,〜しだいで,depending on ~,tùy vào ~,成功（せいこう）は努力（どりょく）次第（しだい）だ。,phrase,2025-07-01 02:33:29.902374+00
a7c7b8f7-b19b-4f4b-86aa-061caeaa6120,帰,かえ,to return,trở về,家に帰る。,kanji,2025-07-01 02:33:29.902374+00
a845eb52-803b-4f2a-9138-024b645a5f43,業,ぎょう,work; business,nghiệp vụ; công việc,農業に従事する。,kanji,2025-07-01 02:33:29.902374+00
a912820f-e442-458c-8cb2-e55c2fdcfd83,撤回,てっかい,retraction; withdrawal,rút lại; thu hồi,発言を撤回する。,word,2025-07-01 02:33:29.902374+00
a989a62b-e4ca-4f68-af4d-e88798e56255,〜ことから,〜ことから,because of ~; from the fact that,từ việc ~ mà,声（こえ）が大（おお）きいことから、彼（かれ）は先生（せんせい）に選（えら）ばれた。,phrase,2025-07-01 02:33:29.902374+00
aa1bd9d0-b476-450f-a426-7a724286a64a,能,のう,ability; capacity,năng lực,彼は能力が高い。,kanji,2025-07-01 02:33:29.902374+00
aa5adb42-538d-44ea-8ee1-6dd3dfff20fa,化,か,transform; change,biến hóa; thay đổi,文化を学ぶ。,kanji,2025-07-01 02:33:29.902374+00
aad115a4-d752-47c6-ad9e-9b3d8a0041ae,〜に限らず,〜にかぎらず,not only ~ but also,không chỉ ~ mà còn,学生（がくせい）に限（かぎ）らず、社会人（しゃかいじん）も参加（さんか）できる。,phrase,2025-07-01 02:33:29.902374+00
aada6395-6379-477f-a4e6-47458cab47f3,幹部,かんぶ,executive; management,cán bộ; lãnh đạo,幹部会議が開かれる。,word,2025-07-01 02:33:29.902374+00
aaf722f9-99a0-490d-a71f-368fb4ca70a1,難,むずか,difficult,khó,難しい問題だ。,kanji,2025-07-01 02:33:29.902374+00
abb3632d-be21-4a9e-a9c1-f5f937b52dcf,変,へん,strange; change,kỳ lạ; thay đổi,彼はちょっと変だ。,kanji,2025-07-01 02:33:29.902374+00
ad44f179-850e-4dd3-91f9-7aa3ef48d23f,〜を皮切りに,〜をかわきりに,starting with ~,khởi đầu là ~,福岡（ふくおか）を皮切（かわき）りに全国（ぜんこく）でライブが開（ひら）かれる。,phrase,2025-07-01 02:33:29.902374+00
ad8f3d95-01b4-4442-8ed5-af7f9ee8f8cc,単,たん,single; simple,đơn; đơn giản,単語を覚える。,kanji,2025-07-01 02:33:29.902374+00
adea57c0-b135-4e89-a91e-b52f6a458ffc,疑問,ぎもん,doubt; question,nghi vấn,疑問に思う。,word,2025-07-01 02:33:29.902374+00
ae5c780b-6c0a-44ab-80fb-73664c53cf90,〜わけではない,〜わけではない,it doesn’t mean that ~,không có nghĩa là ~,嫌（きら）いなわけではないが、食（た）べたくない。,phrase,2025-07-01 02:33:29.902374+00
ae7ec652-366c-4619-b684-685860da34ba,〜にしては,〜にしては,considering ~; for ~,dù là ~ mà lại,彼（かれ）は初心者（しょしんしゃ）にしては上手（じょうず）だ。,phrase,2025-07-01 02:33:29.902374+00
aebf741b-34e3-4504-bead-4a494aed09dc,概念,がいねん,concept; idea,khái niệm,自由の概念を説明する。,word,2025-07-01 02:33:29.902374+00
aee061c6-ed88-4d10-adaf-2caaf6dfd06b,証,しょう,proof; certificate,chứng minh; giấy chứng nhận,証明書を提出する。,kanji,2025-07-01 02:33:29.902374+00
af9da0f7-bae7-4ffe-9475-c33f1aab4561,傾向,けいこう,trend; tendency,khuynh hướng,若者にこの傾向がある。,word,2025-07-01 02:33:29.902374+00
b19cc8a8-acf1-4b89-ba50-eba7aac9c4c1,退,たい,retire; retreat,rút lui; nghỉ việc,会社を退職する。,kanji,2025-07-01 02:33:29.902374+00
b19e9b2a-152c-48c3-b1ba-625603d6c3e2,始,はじ,to begin,bắt đầu,授業が始まった。,kanji,2025-07-01 02:33:29.902374+00
b1ab0bc0-d781-49ba-98f1-715095f9d9f9,欲,よく,desire; greed,ham muốn; tham vọng,欲が深い人。,kanji,2025-07-01 02:33:29.902374+00
b691d051-6414-47e7-b85c-aa064817e4cf,断,ことわ,refuse; reject,từ chối,申し出を断る。,kanji,2025-07-01 02:33:29.902374+00
b6a15f89-e5db-4f2e-b5be-a9c21f9f5a43,書,か,to write,viết,手紙を書く。,kanji,2025-07-01 02:33:29.902374+00
b6ab3495-d6c0-4f86-bd29-89f005aec3c6,収,しゅう,income; gather,thu nhập; thu thập,収入を得る。,kanji,2025-07-01 02:33:29.902374+00
b9841d10-2c37-4386-8e82-302a6636f841,報,ほう,report; news,báo cáo; tin tức,最新情報を報告する。,kanji,2025-07-01 02:33:29.902374+00
b999a4e2-4d51-4d4c-910c-ee9e6f71caaa,報,ほう,report; inform,báo cáo; thông báo,事件を報道する。,kanji,2025-07-01 02:33:29.902374+00
bb7a0a44-c312-466f-a588-0acaf4e0405d,〜ようがない,〜ようがない,there’s no way to ~,không có cách nào mà ~,彼（かれ）の連絡先（れんらくさき）が分（わ）からないから、連絡（れんらく）しようがない。,phrase,2025-07-01 02:33:29.902374+00
bde955bd-09a6-41e2-86e4-3017aa161fb0,念,ねん,thought; attention,ý niệm; chú ý,念のため確認する。,kanji,2025-07-01 02:33:29.902374+00
be3fc80a-807d-4e10-964f-4ea94fa8a690,非,ひ,non-; anti-,"phi, không",非常口を確認する。,kanji,2025-07-01 02:33:29.902374+00
bf741742-7a85-499e-986c-0082e1af386d,説,せつ,explanation; theory,giải thích; lý thuyết,説明を受ける。,kanji,2025-07-01 02:33:29.902374+00
c00f83d2-be9e-43a0-b46a-cd2cddb083a7,幸福,こうふく,happiness; good fortune,hạnh phúc; may mắn,家族と過ごす時間が私の幸福です。,word,2025-07-01 02:07:53.993451+00
c018d990-2d95-4eac-acb7-d78bc5e04741,〜ないではいられない,〜ないではいられない,can't help but ~,không thể không ~,彼（かれ）の話（はなし）を聞（き）いて笑（わら）わないではいられなかった。,phrase,2025-07-01 02:33:29.902374+00
c1581a60-ab1e-4a7b-8e5e-1d6950793fd4,走,はし,to run,chạy,公園で走る。,kanji,2025-07-01 02:33:29.902374+00
c1ba019c-561c-4cb3-bd64-49c2e4e0e84e,依存,いぞん,dependence; reliance,phụ thuộc,スマホに依存している若者が多い。,word,2025-07-01 02:33:29.902374+00
c1d75a15-1ec5-4777-b9c9-4ba92abb3ec7,〜というより,〜というより,rather than ~,nói đúng hơn là ~,彼（かれ）は学生（がくせい）というより先生（せんせい）みたいだ。,phrase,2025-07-01 02:33:29.902374+00
c2ebeb44-2983-447d-822d-9ffec130ac53,〜上で,〜うえで,after; upon,sau khi ~,十分（じゅうぶん）に検討（けんとう）した上（うえ）で決定（けってい）します。,phrase,2025-07-01 02:33:29.902374+00
c3911a42-2e2d-46c5-917e-284d27eac6c9,混乱,こんらん,confusion; chaos,hỗn loạn; rối loạn,会場が混乱している。,word,2025-07-01 02:33:29.902374+00
c44d8c94-f81f-4648-bbe9-2513909dd5f1,〜にあたって,〜にあたって,at the time of; on the occasion of,nhân dịp; vào lúc,入社（にゅうしゃ）にあたって、必要（ひつよう）な書類（しょるい）を準備（じゅんび）してください。,phrase,2025-07-01 02:33:29.902374+00
c48685d0-74a5-4c7b-ae20-bcc8d02cd48a,答,こた,answer; respond,trả lời,質問に答える。,kanji,2025-07-01 02:33:29.902374+00
c55fc890-4aae-482d-9284-8c8c1129bf7a,描写,びょうしゃ,description; depiction,miêu tả,感情の描写が巧みだ。,word,2025-07-01 02:33:29.902374+00
c5d97b7b-dbbb-45b5-828c-802d70efd3f8,〜にしても,〜にしても,even if ~; even supposing,dù là ~ đi nữa,遅刻（ちこく）するにしても、連絡（れんらく）ぐらいしてほしい。,phrase,2025-07-01 02:33:29.902374+00
c72a300c-fdc3-46a2-bc74-dce51fc47e0d,感,かん,feeling; sense,cảm giác,感動した。,kanji,2025-07-01 02:33:29.902374+00
c7690d36-6cfc-4c84-adc6-b327eb1b802c,臨時,りんじ,temporary; special,tạm thời; bất thường,臨時の対応が必要だ。,word,2025-07-01 02:33:29.902374+00
c79742dc-09ab-448c-88b9-40ede80d1f78,対応,たいおう,response; handling,đối ứng; xử lý,緊急事態に対応する。,word,2025-07-01 02:33:29.902374+00
c88cb350-a2ae-4703-873a-97e30b86c761,恵,めぐ,blessing; grace,ân huệ; ban tặng,自然の恵みを受ける。,kanji,2025-07-01 02:33:29.902374+00
c9514e29-9912-4419-9d45-5f93ba53f183,相応しい,ふさわしい,appropriate; suitable,phù hợp; xứng đáng,彼はリーダーに相応しい人物だ。,word,2025-07-01 02:33:29.902374+00
cc71c541-4c5f-47d7-9e7b-71d611af1055,余裕,よゆう,margin; room; time,dư dả; thoải mái,時間に余裕がある。,word,2025-07-01 02:33:29.902374+00
cca9847a-0bf6-45d1-b507-2276ee598704,〜にもほどがある,〜にもほどがある,too much; excessive,quá mức; không thể chấp nhận,冗談（じょうだん）にもほどがあるよ！,phrase,2025-07-01 02:33:29.902374+00
ccb7a63a-8212-45e7-a090-b8e4f1409737,〜ないまでも,〜ないまでも,even if not ~; at least ~,dù không đến mức ~ thì cũng ~,毎日（まいにち）でないまでも、週（しゅう）に一回（いっかい）は運動（うんどう）しよう。,phrase,2025-07-01 02:33:29.902374+00
ccc6537a-4454-4178-99c3-46db7bbcaa4a,認識,にんしき,recognition; awareness,nhận thức,状況を正しく認識する。,word,2025-07-01 02:33:29.902374+00
cd896ce2-6166-4b49-b3dd-6599d2e622ce,説,せつ,theory; explanation,giải thích; lý thuyết,仮説を立てる。,kanji,2025-07-01 02:33:29.902374+00
ce105569-c450-4b06-853a-1a272a422738,〜たとたん,〜たとたん,as soon as ~,ngay khi ~,外（そと）に出（で）たとたん、雨（あめ）が降（ふ）り出（だ）した。,phrase,2025-07-01 02:33:29.902374+00
cf2fcdb3-de3f-42b2-bdc6-0fd4eec72ec7,〜に違いない,〜にちがいない,must be; no doubt,chắc chắn là ~,あの人（ひと）は先生（せんせい）に違（ちが）いない。,phrase,2025-07-01 02:33:29.902374+00
cf89c44c-a4cc-4456-a73d-050bebae1eb5,削減,さくげん,reduction; cut,cắt giảm,予算を削減する。,word,2025-07-01 02:33:29.902374+00
cf964b2d-ad93-4139-a152-0f0e897a1cdd,通達,つうたつ,notification; notice,thông báo,会社から通達があった。,word,2025-07-01 02:33:29.902374+00
cff8e89e-06e1-4f7e-9fa7-8c7a39b6d9a3,方針,ほうしん,policy; direction,phương châm; chính sách,会社の方針を決める。,word,2025-07-01 02:33:29.902374+00
d011c681-cd5b-4321-ab2b-4ce8757e2cb4,財,ざい,wealth; finance,tài sản; tài chính,財産を管理する。,kanji,2025-07-01 02:33:29.902374+00
d0adfaa4-bf11-4609-a5f9-776e55c2df83,介入,かいにゅう,intervention; interference,can thiệp,政府が問題に介入した。,word,2025-07-01 02:33:29.902374+00
d21a63b1-fea7-4c1f-a848-132d12932e3b,逸れる,それる,to stray; to deviate,lệch hướng; chệch,話が本題から逸れた。,word,2025-07-01 02:33:29.902374+00
d21c6631-bc9a-47c3-958b-8103554f39b0,依頼,いらい,request; commission,yêu cầu; nhờ vả,仕事を依頼する。,word,2025-07-01 02:33:29.902374+00
d26281a2-7ced-4994-a8d5-596a75eb373e,食,た,to eat,ăn,ご飯を食べる。,kanji,2025-07-01 02:33:29.902374+00
d284cf89-8380-4665-8ce8-a05544da6caa,受け入れる,うけいれる,to accept; to receive,chấp nhận; tiếp nhận,結果を受け入れる。,word,2025-07-01 02:33:29.902374+00
d284fb6f-8417-4318-b022-536c19ec9fb8,想,そう,thought; idea,ý tưởng; suy nghĩ,彼は想像力が豊かだ。,kanji,2025-07-01 02:33:29.902374+00
d37c9f3f-e9c1-4745-91f7-b1a379dd21d8,認,みと,acknowledge; admit,công nhận; thừa nhận,過ちを認める。,kanji,2025-07-01 02:33:29.902374+00
d40caf4b-9eb5-4099-b37e-fd55f6eeaaac,形,かたち,shape; form,hình dạng,形が変わった。,kanji,2025-07-01 02:33:29.902374+00
d55ff20f-5d70-41a2-b65d-a057afb9d64f,略す,りゃくす,abbreviate; omit,viết tắt; lược bỏ,名前を略して呼ぶ。,word,2025-07-01 02:33:29.902374+00
d6c393c3-5ac5-4660-b12f-d812644889a5,〜を禁じ得ない,〜をきんじえない,cannot hold back (emotion),không thể kìm nén được,感動（かんどう）を禁（きん）じ得（え）なかった。,phrase,2025-07-01 02:33:29.902374+00
d7b3e531-f4f6-4a18-82d3-269e32588154,〜に応じて,〜におうじて,depending on ~,ứng với; theo ~,収入（しゅうにゅう）に応（おう）じて生活（せいかつ）も変（か）わる。,phrase,2025-07-01 02:33:29.902374+00
d7cc3031-21df-4edc-b00d-c054fb2a065a,歩,ある,to walk,đi bộ,道を歩く。,kanji,2025-07-01 02:33:29.902374+00
d83c3da5-3716-483a-88ca-da599dbb46f6,築,ちく,construct,xây dựng,信頼関係を築く。,kanji,2025-07-01 02:33:29.902374+00
d9e1add1-3be5-436d-8ae7-a580c6dd78bb,〜恐れがある,〜おそれがある,there is a fear that ~,có nguy cơ ~,地震（じしん）が起（お）こる恐（おそ）れがある。,phrase,2025-07-01 02:33:29.902374+00
da9909e6-406f-4a94-bb0e-8076834ce248,劇,げき,drama; play,vở kịch; kịch,演劇を見る。,kanji,2025-07-01 02:33:29.902374+00
dada8bb3-1055-4a63-bb40-5074cd336b27,〜たとたんに,〜たとたんに,just as; the moment ~,ngay khi ~,家（いえ）を出（で）たとたんに雨（あめ）が降（ふ）り出（だ）した。,phrase,2025-07-01 02:33:29.902374+00
db771fee-4f90-4877-a56f-10ee33f77c00,〜において,〜において,in; at; on (formal),tại; trong (trang trọng),会議（かいぎ）は東京（とうきょう）において行（おこな）われる。,phrase,2025-07-01 02:33:29.902374+00
dbb186e2-d304-4c50-b2a0-92a5e588cc26,〜を限りに,〜をかぎりに,starting from; as of (last),từ ~; đến ~ là hết,今日（きょう）を限（かぎ）りに禁煙（きんえん）します。,phrase,2025-07-01 02:33:29.902374+00
dc0623dd-611f-478b-96ba-c81a46aee960,〜だけに,〜だけに,because ~; being that ~,chính vì ~ nên càng ~,彼（かれ）は努力家（どりょくか）だけに、結果（けっか）に落胆（らくたん）している。,phrase,2025-07-01 02:33:29.902374+00
dc1bdb5c-5f38-46ff-b105-27ec9a814034,務,つと,duty; work,nhiệm vụ; công việc,責任を務める。,kanji,2025-07-01 02:33:29.902374+00
dc5fbaf0-22b4-4183-a3a2-5ba16aebb571,誌,し,magazine; journal,tạp chí,雑誌を読む。,kanji,2025-07-01 02:33:29.902374+00
de81b4e7-1d36-48ee-8c43-6c937b4a1978,試,し,test; try,thử; kiểm tra,新しい方法を試す。,kanji,2025-07-01 02:33:29.902374+00
dea6628e-6f34-44eb-ac10-42e94554d4e9,迅速,じんそく,swift; rapid,nhanh chóng; khẩn trương,迅速な対応をお願いします。,word,2025-07-01 02:07:53.993451+00
df717a08-e386-4b56-884e-aa0cb1ea7e9e,車,くるま,car,xe,車を運転する。,kanji,2025-07-01 02:33:29.902374+00
e1eec98f-08f6-4dc6-8782-c68565d966a0,圧力,あつりょく,pressure; stress,áp lực,社会からの圧力がある。,word,2025-07-01 02:33:29.902374+00
e216a6b5-16ff-493b-8585-23b195950630,異なる,ことなる,to differ; to vary,khác nhau,彼の考えは私と異なる。,word,2025-07-01 02:33:29.902374+00
e2c872bb-1934-4f9c-baee-0a714373874a,欲,よく,desire; greed,ham muốn,欲を抑える。,kanji,2025-07-01 02:33:29.902374+00
e3451cbb-8356-4ceb-96d2-e96ba122af13,〜というより,〜というより,rather than ~,nói đúng hơn là ~,彼（かれ）は天才（てんさい）というより努力家（どりょくか）だ。,phrase,2025-07-01 02:33:29.902374+00
e437f6e2-3941-4f65-8c50-1f599a9afe75,話,はなし,story; talk,câu chuyện; nói chuyện,楽しい話を聞いた。,kanji,2025-07-01 02:33:29.902374+00
e4b9fe53-b65f-40f7-b445-3ce89d75f76d,〜どころではない,〜どころではない,this is not the time for ~,không phải lúc để ~,遊（あそ）びに行（い）くどころではない。,phrase,2025-07-01 02:33:29.902374+00
e6f6fd53-3de7-4ff9-ab99-970051b8af68,時,とき,time,thời gian,いい時を過ごした。,kanji,2025-07-01 02:33:29.902374+00
e74b1490-4332-4b05-bb4b-e18925aa18c3,況,きょう,situation; state,tình trạng,不況が続いている。,kanji,2025-07-01 02:33:29.902374+00
e750d2ff-8e6a-4752-97af-0be871471276,〜際に,〜さいに,on the occasion of; when,vào lúc; khi,出発（しゅっぱつ）の際（さい）にパスポートを忘（わす）れないでください。,phrase,2025-07-01 02:33:29.902374+00
e763c12a-29d8-46d5-8013-6e6913447adb,展,てん,develop; expand,phát triển; mở rộng,海外に展開する。,kanji,2025-07-01 02:33:29.902374+00
e81afb3d-2dff-42a6-a6ac-1186fb3deb0d,回避,かいひ,avoidance; evasion,tránh né,責任を回避する。,word,2025-07-01 02:33:29.902374+00
e876a106-119d-497e-a725-8fbe3b1d22f5,〜が最後,〜がさいご,"once ~ happens, then (no turning back)",một khi đã ~ thì,やり始（はじ）めたが最後（さいご）、止（と）められない。,phrase,2025-07-01 02:33:29.902374+00
ea6cc54a-438f-4f9d-b385-87efc35a7cb9,識,しき,knowledge; awareness,nhận thức; hiểu biết,常識を身につける。,kanji,2025-07-01 02:33:29.902374+00
eab9c78b-6d66-46ce-baed-9a6d42b427d0,均衡,きんこう,balance; equilibrium,cân bằng,均衡の取れた食事。,word,2025-07-01 02:33:29.902374+00
eafd082a-c1aa-4935-a947-ca3247912edf,分析,ぶんせき,analysis,phân tích,データを分析する。,word,2025-07-01 02:33:29.902374+00
eb227f4f-667d-4d10-b7cd-5a7880c9f4ff,〜とはいえ,〜とはいえ,having said that; nonetheless,dù nói là vậy nhưng ~,冬（ふゆ）とはいえ、暖（あたた）かい日（ひ）もある。,phrase,2025-07-01 02:33:29.902374+00
ec00711b-50e1-4497-84c2-3415816315e8,複雑,ふくざつ,complex; complicated,phức tạp,この問題は非常に複雑だ。,word,2025-07-01 02:07:53.993451+00
ec360362-b0ac-4463-9758-2f8b9209a50d,扱う,あつかう,handle; treat,xử lý; đối xử,彼を特別に扱う。,word,2025-07-01 02:33:29.902374+00
ece76641-4229-4315-bef4-ba7727fa61a8,名,な,name,tên,名前を書く。,kanji,2025-07-01 02:33:29.902374+00
eeb8d746-5eaf-47a8-a6ff-3bb3ae00215e,〜に沿って,〜にそって,along with; in line with,theo sát; dựa theo,マニュアルに沿（そ）って操作（そうさ）してください。,phrase,2025-07-01 02:33:29.902374+00
eee1e2a7-e020-4849-b257-3e9a5dface4e,製,せい,manufacture,chế tạo; sản xuất,日本製の車。,kanji,2025-07-01 02:33:29.902374+00
ef74e895-8805-4e95-bd28-4928e979a0e5,再三,さいさん,repeatedly,nhiều lần,再三注意された。,word,2025-07-01 02:33:29.902374+00
ef8bd0a9-5b0c-4823-b821-e53aea103f3b,住,す,to live,sống,東京に住んでいる。,kanji,2025-07-01 02:33:29.902374+00
f31b6d9e-ddcb-48ae-bc89-7e7feb47521f,潜在,せんざい,potential; latent,tiềm ẩn; tiềm tàng,潜在能力を発揮する。,word,2025-07-01 02:07:53.993451+00
f36d3557-eb27-4904-9111-bc6d6e4bd28f,録,ろく,record,ghi âm; ghi lại,会話を録音する。,kanji,2025-07-01 02:33:29.902374+00
f3fb31d4-2e2b-4a41-99bd-f772a61f1608,〜をよそに,〜をよそに,ignoring ~; disregarding ~,mặc kệ ~; bất chấp ~,親（おや）の心配（しんぱい）をよそに出（で）かけてしまった。,phrase,2025-07-01 02:33:29.902374+00
f44c8366-6a79-4a6f-8a05-2523eeaac9e8,資,し,resources; capital,tài nguyên; vốn,資源を守る。,kanji,2025-07-01 02:33:29.902374+00
f51ff3c3-6474-44b4-9964-4a16c8c097b2,覚,おぼ,to remember,ghi nhớ,単語を覚える。,kanji,2025-07-01 02:33:29.902374+00
f6158e58-f8c1-4990-811d-4a32832d880e,善,ぜん,goodness; virtue,thiện; tốt,善と悪。,kanji,2025-07-01 02:33:29.902374+00
f6454b33-c39b-49f6-939a-96e8889826c4,承,しょう,accept; agree,chấp nhận; thừa nhận,依頼を承る。,kanji,2025-07-01 02:33:29.902374+00
f69c024b-17e5-4d7e-ab8a-2255b53fe53f,続,つづ,to continue,tiếp tục,仕事を続ける。,kanji,2025-07-01 02:33:29.902374+00
f6b9547a-4694-4df7-88a4-0eec14c3b061,目安,めやす,standard; guideline,tiêu chuẩn; ước chừng,時間の目安は1時間です。,word,2025-07-01 02:33:29.902374+00
f7d88bcd-75d6-433d-bee4-f764871bbe16,措置,そち,measure; step,biện pháp,適切な措置を取る。,word,2025-07-01 02:33:29.902374+00
f87c0306-1468-44aa-8eb7-421adc0f41f5,望,のぞ,hope; desire,mong muốn,成功を望む。,kanji,2025-07-01 02:33:29.902374+00
faa2e798-6875-4c14-8f1a-6d6560c265bd,蓄積,ちくせき,accumulation,tích lũy,疲労が蓄積する。,word,2025-07-01 02:33:29.902374+00
fafc435f-9667-4daa-8d02-d8d60478719b,応じる,おうじる,to respond; comply,ứng theo; đáp ứng,要求に応じる。,word,2025-07-01 02:33:29.902374+00
fb9f6c3b-23f6-4a0a-909b-6b84df484962,我慢,がまん,patience; endurance,chịu đựng; nhẫn nhịn,痛みを我慢する。,word,2025-07-01 02:33:29.902374+00
fde60431-5aff-4409-8b1e-a3fd2ae28521,主体,しゅたい,main agent; core,chủ thể; trung tâm,学生主体のイベント。,word,2025-07-01 02:33:29.902374+00
fe3dceea-2d6c-4612-850c-9402588da000,〜ことだし,〜ことだし,since; considering that,vì ~ nên,雨（あめ）も降（ふ）っていることだし、今日は家（いえ）にいよう。,phrase,2025-07-01 02:33:29.902374+00
fe449249-4634-497d-a645-136d38b57316,断,だん,refuse; cut off,từ chối; cắt đứt,関係を断つ。,kanji,2025-07-01 02:33:29.902374+00
fe5053d3-4d56-4bc2-9a0a-b0a0583f1bd9,接触,せっしょく,contact; touch,tiếp xúc,感染者と接触した。,word,2025-07-01 02:33:29.902374+00
fe8140d5-f25e-44a8-812b-16da0d01a6f6,継続,けいぞく,continuation; continuance,tiếp tục; duy trì,努力の継続が成功の鍵だ。,word,2025-07-01 02:07:53.993451+00
ff84fc68-b9e9-41dc-b66d-a128f4b5e73e,例,れい,example,ví dụ,例を挙げる。,kanji,2025-07-01 02:33:29.902374+00